causality_pair,x_variable,y_variable,best_lag,f_statistic,p_value,significant,lag_1_f_stat,lag_1_p_value,lag_2_f_stat,lag_2_p_value,lag_3_f_stat,lag_3_p_value,lag_4_f_stat,lag_4_p_value,lag_5_f_stat,lag_5_p_value
net_flow → net_flow_lag6,net_flow,net_flow_lag6,5,1326.0272701998663,0.0,True,0.41530070365554045,0.5193413019038917,0.16967908138979265,0.8439438409257426,2.2827656385770823,0.07712451649872575,1.6253584167167716,0.1650127941563467,1326.0272701998663,0.0
whale_volume_ma30 → whale_volume_lag1,whale_volume_ma30,whale_volume_lag1,2,1278.776233853788,0.0,True,1115.799004488784,8.022965396526876e-208,1278.776233853788,0.0,969.684382154062,0.0,769.1552458107062,0.0,628.8355769896688,0.0
whale_volume_ma7 → whale_volume_lag1,whale_volume_ma7,whale_volume_lag1,2,1221.2855941314738,0.0,True,1130.9513389729111,3.299506755766141e-210,1221.2855941314738,0.0,907.5431732436069,0.0,704.9063183084625,0.0,570.7741303870807,0.0
whale_volume_usd → whale_volume_lag6,whale_volume_usd,whale_volume_lag6,5,775.5708236380138,0.0,True,0.6623602918776414,0.4157935026701366,0.27253981604526295,0.7614622746529742,0.1115062610495326,0.9534035412271666,2.515549412666785,0.03961930544144117,775.5708236380138,0.0
btc_price → target_price,btc_price,target_price,1,749.3609894117163,3.1117618800761716e-147,True,749.3609894117163,3.1117618800761716e-147,36.89355119718272,1.493850228269068e-16,1.7099856198133416,0.16277415427967482,0.24182171877459702,0.9146898840046046,3.575548656795229,0.0031634394064643263
whale_volume_ma30 → whale_volume_lag3,whale_volume_ma30,whale_volume_lag3,4,627.9479175520773,0.0,True,2.3421423227029163,0.12602335525614106,9.334186612293431,9.098772411346556e-05,529.4466829134585,3.225913877519436e-275,627.9479175520773,0.0,573.7683084922234,0.0
whale_volume_ma7 → whale_volume_lag3,whale_volume_ma7,whale_volume_lag3,4,597.7571847087722,0.0,True,0.5414963220486128,0.46187168753857,7.365848343488515,0.0006441855411902293,514.8537354676158,5.159350007301864e-269,597.7571847087722,0.0,534.5523686337244,0.0
exchange_outflow → net_flow_lag1,exchange_outflow,net_flow_lag1,2,593.8330830587718,1.828324724265254e-217,True,1114.3086535094249,1.378753751907337e-207,593.8330830587718,1.828324724265254e-217,398.00006560226694,4.818024042097553e-217,299.218511381817,3.4325107983289256e-216,240.42527439394277,8.96666114450869e-216
whale_volume_ma7 → whale_volume_usd,whale_volume_ma7,whale_volume_usd,1,360.1895382970581,7.020781175965843e-76,True,360.1895382970581,7.020781175965843e-76,156.50641080834603,2.5044074407949438e-65,80.06869675552036,8.575481678367769e-50,47.812608373560934,5.2644555016366544e-39,35.2097134666972,4.3150938085025764e-35
whale_volume_ma30 → whale_volume_usd,whale_volume_ma30,whale_volume_usd,1,340.9561781811063,3.8938781833674895e-72,True,340.9561781811063,3.8938781833674895e-72,135.21483489955997,6.512972334385707e-57,67.72718447870734,2.384049655806869e-42,42.77271515142589,6.312813481474502e-35,30.779052882868825,1.2829330569317698e-30
net_flow_lag1 → net_flow,net_flow_lag1,net_flow,1,300.90011565028925,2.887274059315975e-64,True,300.90011565028925,2.887274059315975e-64,87.64882015302757,1.0518958287900951e-37,35.24277902636182,2.2582795286200703e-22,19.54327168602558,6.886758947966346e-16,13.685250823186712,3.1152494618083183e-13
whale_volume_lag1 → whale_volume_usd,whale_volume_lag1,whale_volume_usd,1,299.1032229917416,6.544508337673274e-64,True,299.1032229917416,6.544508337673274e-64,74.48430081938004,2.764526666772463e-32,27.93664850766397,8.26667086621575e-18,7.147750462022744,1.0048542263224967e-05,4.108509390364652,0.0010145580514667257
exchange_inflow → net_flow_lag1,exchange_inflow,net_flow_lag1,4,241.3477213542581,1.7604800867849517e-179,True,860.4745105397697,3.2118956636544116e-166,463.07746498942504,1.225765738806731e-175,312.56424372849216,3.4322125049948e-176,241.3477213542581,1.7604800867849517e-179,192.40054387971475,9.531896186528686e-178
exchange_outflow → net_flow_lag3,exchange_outflow,net_flow_lag3,5,233.8600073024095,1.0480267626352586e-210,True,4.450584541584262,0.03497321012206131,225.0695440880025,1.066049453930334e-91,368.1321963092755,4.688310616556319e-203,288.49271432473773,1.524181158480685e-209,233.8600073024095,1.0480267626352586e-210
exchange_inflow → net_flow_lag3,exchange_inflow,net_flow_lag3,5,196.93751396682327,1.9461382303001135e-181,True,0.1005862319920983,0.7511496767945086,243.5907431108608,1.2201915838368444e-98,289.04052448917713,1.801976891216349e-164,238.85269829844447,7.524033973590718e-178,196.93751396682327,1.9461382303001135e-181
exchange_outflow → whale_volume_lag1,exchange_outflow,whale_volume_lag1,4,149.5129258003277,1.468619589959093e-116,True,429.9479651589194,2.826334844348789e-89,261.24740197893357,3.454389557650361e-105,188.4839184882411,8.17536307939947e-112,149.5129258003277,1.468619589959093e-116,119.94195091615735,9.009225266549289e-116
net_flow_lag3 → net_flow_lag1,net_flow_lag3,net_flow_lag1,2,143.95585758488724,2.2165691049599563e-60,True,0.1528173686117228,0.6958855801950443,143.95585758488724,2.2165691049599563e-60,62.06987756322695,6.553008303212593e-39,37.00520190420947,3.1116016305364164e-30,23.76290818203494,1.6960280298568462e-23
exchange_outflow → net_flow_lag6,exchange_outflow,net_flow_lag6,5,138.8908166950971,1.4707057005790863e-132,True,0.9799967636330097,0.3222806837773504,0.43457941204640177,0.6475783905724937,2.1555025827895804,0.09123252500539743,1.7997217486946466,0.126056362001687,138.8908166950971,1.4707057005790863e-132
exchange_inflow → net_flow_lag6,exchange_inflow,net_flow_lag6,5,134.6852210335363,7.181578158116947e-129,True,3.10674890854082,0.07807184495492336,1.2833891825471877,0.27725119007350885,0.6592339883714822,0.5771160444355925,0.45799109533992766,0.7666198163801929,134.6852210335363,7.181578158116947e-129
exchange_inflow → whale_volume_lag1,exchange_inflow,whale_volume_lag1,5,121.59952408384541,2.943558169817259e-117,True,411.2503184090354,1.0321394659174326e-85,253.11136845385437,3.5265345803253004e-102,159.53599104142276,8.009836416927036e-96,147.07756208492611,8.35006379284947e-115,121.59952408384541,2.943558169817259e-117
whale_volume_lag3 → whale_volume_lag1,whale_volume_lag3,whale_volume_lag1,2,118.55281607375791,2.9996185823058297e-50,True,1.3020664279437586,0.253928607870072,118.55281607375791,2.9996185823058297e-50,37.60600622263614,7.633942389860319e-24,12.269345869710648,6.777271158670235e-10,11.015936508022467,1.5786080679131884e-10
exchange_inflow → whale_volume_lag3,exchange_inflow,whale_volume_lag3,4,115.72460566833671,8.805289360910619e-92,True,2.1397187758644587,0.14363458357847272,83.38703920915653,5.912884907537344e-36,128.29094228951723,4.1482475706971867e-78,115.72460566833671,8.805289360910619e-92,91.6397887186102,7.17790622325309e-90
exchange_outflow → whale_volume_lag3,exchange_outflow,whale_volume_lag3,5,107.41287917900284,1.9755118021121176e-104,True,0.04087338399341643,0.8397964419081734,91.87942709749998,1.9514768314717542e-39,139.18419460557837,2.438242712304848e-84,119.16931580997546,2.3728123923009117e-94,107.41287917900284,1.9755118021121176e-104
whale_activity → whale_volume_lag1,whale_activity,whale_volume_lag1,4,86.8270600654806,7.992630178266549e-70,True,292.9463436117994,1.0842449375627902e-62,160.8210350589382,5.0911818927776105e-67,105.31921540319901,9.020141621045923e-65,86.8270600654806,7.992630178266549e-70,69.47789170319257,7.318043645601736e-69
net_flow_lag3 → net_flow,net_flow_lag3,net_flow,3,86.3413384380631,1.5168506128994908e-53,True,0.2746802172108739,0.6002487020384165,0.35932988387807246,0.6981745491888411,86.3413384380631,1.5168506128994908e-53,50.02297367124117,8.686081593030362e-41,29.38145892884586,3.33376361895919e-29
net_flow_lag6 → net_flow_lag3,net_flow_lag6,net_flow_lag3,3,86.26608731180622,1.682031563919885e-53,True,0.27296284381495745,0.6013903387556067,0.3440197621528354,0.7089433453479301,86.26608731180622,1.682031563919885e-53,49.940349214114924,1.0124289501347227e-40,29.421469092921253,3.0366357517784647e-29
whale_activity → whale_volume_lag3,whale_activity,whale_volume_lag3,4,75.83649859556323,2.7981541141361347e-61,True,0.4020461311085165,0.5260835324726438,39.160668247756014,1.6387546159865056e-17,93.03362992417811,1.5872712292653234e-57,75.83649859556323,2.7981541141361347e-61,60.88852478634994,1.5252607110410474e-60
exchange_outflow → whale_volume_lag6,exchange_outflow,whale_volume_lag6,5,62.739572537869,2.4109236936164254e-62,True,0.5627011812585828,0.45323367853936647,0.5216723973348497,0.5935818292067688,2.232059277738036,0.08247337022273173,2.783658077791612,0.025275722575335245,62.739572537869,2.4109236936164254e-62
whale_volume_ma7 → exchange_inflow,whale_volume_ma7,exchange_inflow,1,59.44273493823025,1.7080137656643863e-14,True,59.44273493823025,1.7080137656643863e-14,28.307554860733795,6.647019794517689e-13,19.882847190093948,9.31928125196439e-13,13.116903838276313,1.3640345260177084e-10,10.15007411047837,1.1788327094832787e-09
exchange_inflow → whale_volume_lag6,exchange_inflow,whale_volume_lag6,5,59.337848297599606,4.963319698921804e-59,True,0.030797473164726596,0.860705014712275,0.0913939634024961,0.9126606693708307,0.801739939344031,0.49277019867262084,3.4053760180880115,0.008707496613283476,59.337848297599606,4.963319698921804e-59
whale_volume_ma30 → exchange_inflow,whale_volume_ma30,exchange_inflow,1,51.26553380286322,1.0138252817900165e-12,True,51.26553380286322,1.0138252817900165e-12,24.5407869464661,2.6898823835978607e-11,18.532663351371045,6.57071138532398e-12,12.842624236634428,2.2922184920608503e-10,10.270741579997724,8.9114045617227e-10
whale_volume_ma7 → exchange_outflow,whale_volume_ma7,exchange_outflow,1,49.34055665799104,2.659731031037027e-12,True,49.34055665799104,2.659731031037027e-12,25.16927220431093,1.4497972963625209e-11,17.875367345114842,1.7005446352565282e-11,11.500465644616842,2.8961149961655817e-09,9.047295697457532,1.509712420770393e-08
whale_volume_ma30 → exchange_outflow,whale_volume_ma30,exchange_outflow,1,49.21328050925841,2.834998551056643e-12,True,49.21328050925841,2.834998551056643e-12,24.310175441710513,3.374859148731579e-11,18.638369388189037,5.6389643147724426e-12,13.736579129665751,4.2188193942153285e-11,10.43910956458018,6.0299405102209e-10
net_flow_lag1 → exchange_inflow,net_flow_lag1,exchange_inflow,1,48.698128209114984,3.670758974599567e-12,True,48.698128209114984,3.670758974599567e-12,16.992990280197734,4.5942143337792165e-08,3.626708193128627,0.01249634493972359,4.145491530152917,0.0023727789286456685,4.369247317415988,0.0005773441529612066
whale_volume_lag3 → whale_volume_usd,whale_volume_lag3,whale_volume_usd,3,44.792551756763885,2.66375373550761e-28,True,0.006058490695380686,0.9379635367773954,1.0064831051882293,0.3656275871871133,44.792551756763885,2.66375373550761e-28,20.986888088854492,4.438131684730808e-17,21.037033295688897,1.0130980668503e-20
whale_volume_lag6 → whale_volume_lag3,whale_volume_lag6,whale_volume_lag3,3,44.76229153990817,2.781054599627594e-28,True,0.008470447084447491,0.926676446943695,0.9874002311779029,0.37266700880837156,44.76229153990817,2.781054599627594e-28,20.812133944145323,6.185215332322672e-17,21.108515627436535,8.566711437594173e-21
net_flow_lag6 → net_flow_lag1,net_flow_lag6,net_flow_lag1,5,37.22579954743165,4.043386378320078e-37,True,0.302953251046417,0.5820785113896338,0.11697206058617027,0.8896141725134598,0.5217413231727748,0.6673347360400304,0.28157220350030354,0.8900523052099417,37.22579954743165,4.043386378320078e-37
net_flow_lag1 → exchange_outflow,net_flow_lag1,exchange_outflow,1,28.37343635460709,1.0754053034443124e-07,True,28.37343635460709,1.0754053034443124e-07,13.82735334323936,1.0539504093690135e-06,10.297581099548557,9.655377134175187e-07,3.710384747265985,0.00511355336052791,2.031888685510829,0.07117263978366975
whale_activity → whale_volume_lag6,whale_activity,whale_volume_lag6,5,28.358488078402413,3.634650547800876e-28,True,0.008057078932074305,0.9284830406573462,0.13010158108399672,0.8780112733738462,1.2993432426268865,0.27290249708581127,2.875309485176951,0.021642328333402988,28.358488078402413,3.634650547800876e-28
whale_volume_lag6 → whale_volume_lag1,whale_volume_lag6,whale_volume_lag1,5,27.71391431930344,1.6382712448956006e-27,True,0.22303447915984506,0.636772346330597,2.835018173111206,0.05887739417403106,6.3652794982035905,0.0002685629979027854,5.8186216015969325,0.00011597942762966681,27.71391431930344,1.6382712448956006e-27
whale_volume_lag1 → exchange_inflow,whale_volume_lag1,exchange_inflow,1,21.273858617522066,4.150543134696638e-06,True,21.273858617522066,4.150543134696638e-06,11.88224923074159,7.248902495668428e-06,4.905358775870426,0.0021096336518115722,1.8949506151587001,0.10854875185733455,2.0974765228676557,0.06286443991178017
net_flow_lag3 → whale_volume_lag1,net_flow_lag3,whale_volume_lag1,2,20.08054926027731,2.1773981578667715e-09,True,26.075623848892498,3.491401209688227e-07,20.08054926027731,2.1773981578667715e-09,12.34262537555909,5.06360506154152e-08,9.585470508319755,1.064847013285652e-07,7.878019519485463,2.2167065620347576e-07
whale_volume_lag1 → net_flow_lag6,whale_volume_lag1,net_flow_lag6,2,17.818038400244326,2.0327076128531603e-08,True,10.267988719425755,0.0013679949063003815,17.818038400244326,2.0327076128531603e-08,12.054724392690703,7.671987955826721e-08,10.151625087011473,3.676433628791813e-08,8.241269837835178,9.642590706985238e-08
exchange_inflow → whale_volume_usd,exchange_inflow,whale_volume_usd,3,14.186192256791182,3.530910351718958e-09,True,1.3777462764705921,0.24058003684041415,9.706552340166242,6.284969488276261e-05,14.186192256791182,3.530910351718958e-09,11.273063235222345,4.4478484244685576e-09,9.65429504937122,3.715651105068185e-09
net_flow_lag3 → exchange_outflow,net_flow_lag3,exchange_outflow,3,13.70135484882918,7.1154571890339555e-09,True,2.3971349712542076,0.12166481487464935,0.7533164493124124,0.47089308244839234,13.70135484882918,7.1154571890339555e-09,6.310305046635309,4.710395769986147e-05,3.880832667317062,0.0016536647796808746
whale_volume_lag1 → exchange_outflow,whale_volume_lag1,exchange_outflow,2,13.419139324771091,1.579368168169387e-06,True,12.85358652621297,0.00034228679911579054,13.419139324771091,1.579368168169387e-06,7.049338680421552,0.00010151407355784061,1.9523606419652033,0.09911616866058401,1.944224020572767,0.08388058683710566
whale_volume_ma7 → whale_activity,whale_volume_ma7,whale_activity,3,12.905284956760033,2.2472513940074324e-08,True,23.300119380426224,1.456346838330387e-06,15.93245445696759,1.3113357734412054e-07,12.905284956760033,2.2472513940074324e-08,9.287739441720282,1.8611427898605032e-07,7.9490414447829485,1.8840916435724635e-07
net_flow_lag1 → whale_volume_usd,net_flow_lag1,whale_volume_usd,3,12.717309591873624,2.9480821742329785e-08,True,18.844717466688778,1.4656786297714215e-05,16.580721374962398,6.906265339512729e-08,12.717309591873624,2.9480821742329785e-08,9.969242100732748,5.1797924835220815e-08,7.804393872190405,2.6233847104412567e-07
exchange_inflow → whale_volume_ma30,exchange_inflow,whale_volume_ma30,2,10.904936975905677,1.9118826572515985e-05,True,1.2187087909532561,0.2697041182107195,10.904936975905677,1.9118826572515985e-05,5.529781657538312,0.0008762751022208081,4.937702115002096,0.0005745057173711112,4.650175015030111,0.00031304055125113285
whale_volume_ma30 → whale_activity,whale_volume_ma30,whale_activity,3,10.712379202655988,5.313699724804922e-07,True,15.575494458403067,8.112258829619751e-05,12.489910496484004,3.967619679101712e-06,10.712379202655988,5.313699724804922e-07,8.206926562081968,1.403944768786144e-06,6.704986366321472,3.2032475082057037e-06
net_flow → exchange_outflow,net_flow,exchange_outflow,2,10.505891362663762,2.8412942120167594e-05,True,9.583216508555669,0.0019820485977823906,10.505891362663762,2.8412942120167594e-05,7.523554062662265,5.161379014312668e-05,5.512592797202621,0.00020266639033627792,5.249250977943712,8.370723633933179e-05
exchange_inflow → exchange_outflow,exchange_inflow,exchange_outflow,2,10.505891362663762,2.8412942120167594e-05,True,9.583216508555669,0.0019820485977823906,10.505891362663762,2.8412942120167594e-05,7.523554062662265,5.161379014312668e-05,5.512592797202621,0.00020266639033627792,5.249250977943712,8.370723633933179e-05
net_flow_lag3 → whale_volume_lag3,net_flow_lag3,whale_volume_lag3,4,9.878631894094454,6.141099524009608e-08,True,0.620773179648089,0.4308233288737038,13.116685814027255,2.1314082616452894e-06,9.911082023346479,1.6837045785548264e-06,9.878631894094454,6.141099524009608e-08,7.774773507114568,2.807246596811207e-07
net_flow_lag1 → whale_volume_lag1,net_flow_lag1,whale_volume_lag1,4,9.870899088546647,6.2309556850952e-08,True,0.6749328865956475,0.41140334532715295,13.131520978760484,2.100296537207594e-06,9.86689888261213,1.7941588963259267e-06,9.870899088546647,6.2309556850952e-08,7.753911553466666,2.9443961026013806e-07
net_flow → whale_volume_usd,net_flow,whale_volume_usd,4,9.839405274041733,6.610677216780519e-08,True,0.6730971109784432,0.412040089451025,13.114951040924266,2.135076346254614e-06,9.846106092779838,1.8486144934856645e-06,9.839405274041733,6.610677216780519e-08,7.739046578416688,3.0461750917038936e-07
net_flow_lag6 → whale_volume_lag6,net_flow_lag6,whale_volume_lag6,4,9.801895293079985,7.093183539408629e-08,True,0.5897779007268784,0.44256639948622767,12.99508037194254,2.4044514192318415e-06,9.832807202137893,1.8843060246937904e-06,9.801895293079985,7.093183539408629e-08,7.694455859074395,3.372996844943867e-07
exchange_outflow → exchange_inflow,exchange_outflow,exchange_inflow,5,9.517026585165993,5.103690351944076e-09,True,19.293325481083816,1.1603951679172593e-05,18.123757945264607,1.502796751938111e-08,13.361623756370136,1.16247620807893e-08,10.005960044323706,4.83443353549439e-08,9.517026585165993,5.103690351944076e-09
net_flow → exchange_inflow,net_flow,exchange_inflow,5,9.51702658516591,5.103690351944891e-09,True,19.293325481083816,1.1603951679172593e-05,18.123757945264607,1.502796751938111e-08,13.36162375637027,1.1624762080787276e-08,10.005960044323809,4.8344335354934105e-08,9.51702658516591,5.103690351944891e-09
fear_greed_index → net_flow_lag3,fear_greed_index,net_flow_lag3,2,9.497385982899475,7.736697940512524e-05,True,3.5341374894066195,0.06021592939173503,9.497385982899475,7.736697940512524e-05,6.552990664235235,0.00020571402111637762,5.639826051506472,0.00016073828923921662,5.051164607201955,0.0001297145183827689
net_flow_lag3 → exchange_inflow,net_flow_lag3,exchange_inflow,4,8.629508682521678,6.379491727827407e-07,True,1.4750927784944903,0.22464096136290426,0.9341853999404379,0.39302195888557045,8.499804801332767,1.2771586457456645e-05,8.629508682521678,6.379491727827407e-07,5.228717260000217,8.760249564669111e-05
whale_volume_usd → net_flow_lag6,whale_volume_usd,net_flow_lag6,5,8.547917119011913,4.767584852294411e-08,True,1.5855766839141703,0.20805873199627556,10.026017452107332,4.575966188270545e-05,12.017276476102422,8.097948981361469e-08,9.631108260004721,9.774436060987819e-08,8.547917119011913,4.767584852294411e-08
exchange_outflow → whale_activity,exchange_outflow,whale_activity,3,8.276178187218477,1.759396784596803e-05,True,14.99904585936923,0.00010989811123479158,10.832712435617943,2.053991249728079e-05,8.276178187218477,1.759396784596803e-05,6.1774327128378035,6.011994199632014e-05,4.973227591204913,0.0001540357736236223
net_flow → whale_volume_ma30,net_flow,whale_volume_ma30,2,8.146151863232706,0.0002964158865007111,True,0.00013208477963820928,0.9908310388834413,8.146151863232706,0.0002964158865007111,5.445049377068683,0.0009875183261393024,4.769631125339367,0.0007776520191334814,4.200744435598179,0.0008315626189059921
net_flow_lag1 → whale_volume_lag3,net_flow_lag1,whale_volume_lag3,4,8.014877597933445,2.0080252715349305e-06,True,1.5066359278235297,0.21975093800331974,1.1109348965516783,0.32938866157936225,0.9860758255572802,0.3982641471046531,8.014877597933445,2.0080252715349305e-06,6.868322789927832,2.212474606976257e-06
net_flow → whale_volume_lag1,net_flow,whale_volume_lag1,5,8.012226672137112,1.6302520967942642e-07,True,0.7166158030236448,0.3973248069753783,1.0250060182516418,0.3589220103403615,9.836099363110476,1.875406955628129e-06,8.814288686342243,4.5160854694109603e-07,8.012226672137112,1.6302520967942642e-07
whale_activity → exchange_inflow,whale_activity,exchange_inflow,5,7.600444723658494,4.1809885783350573e-07,True,2.1893974472363444,0.13907030096106898,1.7186572416571184,0.1794861782759002,3.115929044280604,0.025157852798649814,5.011212294689905,0.0005031086100593964,7.600444723658494,4.1809885783350573e-07
whale_activity → whale_volume_ma30,whale_activity,whale_volume_ma30,1,7.553244209786656,0.0060266141922653855,True,7.553244209786656,0.0060266141922653855,4.121790383968432,0.01630890504210699,1.570291286165655,0.19447797527730853,1.2228732126827733,0.29886758887694204,1.3315879134317754,0.24768614221401172
whale_volume_ma30 → net_flow_lag3,whale_volume_ma30,net_flow_lag3,1,7.371778894316626,0.006664073450376306,True,7.371778894316626,0.006664073450376306,3.3959066916030807,0.033641165852800844,1.6056228886793091,0.1859541619361406,0.9378557059630248,0.4408512236131855,0.7391301108188058,0.5940763785507093
fear_greed_index → net_flow_lag1,fear_greed_index,net_flow_lag1,1,7.366527794598983,0.006683512509153675,True,7.366527794598983,0.006683512509153675,4.027447557254716,0.017917793960665385,2.2019719198617542,0.08581453543651889,1.6049088764403283,0.17023680732753602,1.3211409806120114,0.2519898853503156
whale_volume_ma30 → whale_volume_lag6,whale_volume_ma30,whale_volume_lag6,5,7.093464504715016,1.3270845528465972e-06,True,3.6030984853720804,0.05776937210283314,3.6064370546205375,0.02726812688591499,2.2292719151468545,0.08277755286249579,2.974681009713868,0.018275813879093526,7.093464504715016,1.3270845528465972e-06
whale_volume_lag6 → whale_volume_usd,whale_volume_lag6,whale_volume_usd,2,7.030511351638737,0.000899371149706947,True,4.5217894870320094,0.03354849633610453,7.030511351638737,0.000899371149706947,4.747581590818792,0.0026317455230744835,3.5930558610106487,0.0062794867700475075,3.831367461942415,0.0018378860367099545
net_flow → whale_volume_lag3,net_flow,whale_volume_lag3,5,7.011430872570381,1.5989659907687035e-06,True,2.147560736867744,0.14290302578525527,1.2294956894448372,0.29258977963732474,1.098104893207734,0.34861340316764716,0.9223899290238583,0.4498004281984229,7.011430872570381,1.5989659907687035e-06
net_flow_lag3 → whale_volume_lag6,net_flow_lag3,whale_volume_lag6,5,6.918795584695622,1.9731459342520027e-06,True,2.1586539582699396,0.14187531632195188,1.227138034844277,0.2932798439633676,1.0486396874434887,0.36983785795915936,0.8727589091593527,0.47937725668945874,6.918795584695622,1.9731459342520027e-06
exchange_inflow → fear_greed_index,exchange_inflow,fear_greed_index,2,6.836903672961988,0.0010905069127823655,True,10.491341760472253,0.00121264149439276,6.836903672961988,0.0010905069127823655,5.109309932295855,0.0015842639477343411,3.8597367418394066,0.003932899402856535,3.1621456842891367,0.0075122278588213515
whale_volume_lag1 → whale_activity,whale_volume_lag1,whale_activity,1,6.834193887467442,0.00898832403697264,True,6.834193887467442,0.00898832403697264,4.5784845017449145,0.010343513906920577,1.683932158952831,0.1682922865097716,1.1537575426512188,0.3293599877600704,0.6706529139299081,0.6457280380554526
net_flow → fear_greed_index,net_flow,fear_greed_index,3,6.814234802258975,0.00014187914262131138,True,4.8941809582035685,0.027023584923367927,8.30646355994877,0.0002527347749513836,6.814234802258975,0.00014187914262131138,5.105835642454692,0.0004240060256107031,4.14852245856055,0.0009307699805893607
fear_greed_index → whale_volume_ma30,fear_greed_index,whale_volume_ma30,2,6.468195740941228,0.0015741188524878962,True,0.08062669278890397,0.7764698261131083,6.468195740941228,0.0015741188524878962,4.517715182301651,0.003629526941926496,3.4402113455564236,0.008196195160505714,3.0258495323856986,0.009951011974938537
fear_greed_index → whale_volume_usd,fear_greed_index,whale_volume_usd,3,6.38212720798528,0.00026221628283282526,True,0.0014677022554723978,0.9694426262487835,6.366130763103313,0.0017424961630899763,6.38212720798528,0.00026221628283282526,5.215467093666604,0.0003476624872478378,3.876044800735567,0.0016706714568720294
fear_greed_index → whale_volume_ma7,fear_greed_index,whale_volume_ma7,2,6.332371687539462,0.001802064749194751,True,0.30238035506456296,0.5824355577498099,6.332371687539462,0.001802064749194751,4.0879819451296155,0.006602867018342023,3.274564213067561,0.01092147663544544,2.5915786671255994,0.023985676588535426
net_flow_lag1 → whale_volume_ma30,net_flow_lag1,whale_volume_ma30,3,5.6904834650595,0.0006983924686657527,True,11.500977148667696,0.0007047399140551491,6.332998519592906,0.0018009403355542363,5.6904834650595,0.0006983924686657527,4.724205485102446,0.0008438304015982871,3.92339295736876,0.0015097822450748448
whale_volume_ma7 → whale_volume_lag6,whale_volume_ma7,whale_volume_lag6,5,5.641564154302705,3.4988920640812376e-05,True,2.809758313925165,0.09379830838409352,3.26487751328516,0.03833964913192297,2.2525055831406977,0.08027481753216828,2.1331057012781764,0.07419377609608661,5.641564154302705,3.4988920640812376e-05
whale_volume_lag3 → exchange_inflow,whale_volume_lag3,exchange_inflow,5,5.5143195050011,4.646108153883697e-05,True,0.12159847326827433,0.7273320926276172,0.285817149774768,0.751420795375329,6.365084859374502,0.00026863720711408804,4.88914891260317,0.0006270765074323405,5.5143195050011,4.646108153883697e-05
fear_greed_index → net_flow,fear_greed_index,net_flow,1,5.127652430668854,0.023619742653897484,True,5.127652430668854,0.023619742653897484,3.4283901976532105,0.03256838169889397,2.0383500200705247,0.10639093056082012,1.399959941568126,0.23138305902029402,1.1272611345447827,0.34349891192005005
fear_greed_index → whale_volume_lag1,fear_greed_index,whale_volume_lag1,4,4.939450183633706,0.000572696718028669,True,0.6310477398133144,0.42703506894903176,0.6220011341143127,0.5369393850783198,5.588724448744831,0.0008063287038899893,4.939450183633706,0.000572696718028669,3.8896727326921234,0.0016227106529581221
whale_volume_lag3 → exchange_outflow,whale_volume_lag3,exchange_outflow,5,4.917074581668058,0.00017430781773742138,True,0.952529286162695,0.3291562393537031,0.4980842143224443,0.607744835142239,6.181569236524083,0.0003485229665478582,4.688688178173412,0.000899429443212169,4.917074581668058,0.00017430781773742138
whale_activity → exchange_outflow,whale_activity,exchange_outflow,5,4.898181288807663,0.00018170562962200736,True,4.309159279923525,0.03799400272020272,0.7131156731572644,0.4901992182316134,1.6672653961317005,0.17191396424266014,2.5541644252019173,0.03715226097351622,4.898181288807663,0.00018170562962200736
whale_volume_usd → whale_volume_ma30,whale_volume_usd,whale_volume_ma30,3,4.875109199672711,0.0022010623601948836,True,7.239250434803385,0.0071728324125746,1.7369511434819804,0.17623629836807775,4.875109199672711,0.0022010623601948836,2.4809841341320675,0.04196056385670957,2.0969211409441773,0.06293081405727065
whale_volume_lag1 → whale_volume_ma30,whale_volume_lag1,whale_volume_ma30,3,4.73595935936734,0.0026749245395243817,True,1.1184596276310448,0.2903368530338246,4.523049680343469,0.0109312320916339,4.73595935936734,0.0026749245395243817,2.0242227250883675,0.08838870594305734,1.4126582946850437,0.21633155500726442
fear_greed_index → net_flow_lag6,fear_greed_index,net_flow_lag6,5,4.7018495363010055,0.00027957199645628743,True,1.2585828727587254,0.26201068608678374,0.7169296548657652,0.48833407030452014,0.9698854774351138,0.40591477890022787,1.4717752990780124,0.20804077852987315,4.7018495363010055,0.00027957199645628743
whale_activity → fear_greed_index,whale_activity,fear_greed_index,1,4.596049980921223,0.032127113662214685,True,4.596049980921223,0.032127113662214685,2.3215528398935086,0.09830028162728409,1.7262587857988576,0.15941470068265126,1.411501967052959,0.22748321906545182,1.2720519958570609,0.2730468311356535
target_price → fear_greed_index,target_price,fear_greed_index,5,4.5755897348272665,0.0003684418003264673,True,0.09727411076518616,0.7551476704001586,0.47748887643502697,0.6203871051465333,0.9243007331769919,0.4281185378995769,4.88316669229435,0.0006338747958930437,4.5755897348272665,0.0003684418003264673
btc_price → fear_greed_index,btc_price,fear_greed_index,5,4.415973011845821,0.0005216245184045227,True,0.6669922478903472,0.4141680719564549,0.795617814216762,0.4513991105036851,5.519555244593711,0.0008890104269613783,4.9171163279574,0.0005962395484369331,4.415973011845821,0.0005216245184045227
whale_volume_ma30 → net_flow_lag6,whale_volume_ma30,net_flow_lag6,5,4.312326845398863,0.0006532057099083464,True,0.005363801546273549,0.9416217032197021,0.923233274942706,0.3973473047028149,4.134953306550074,0.006185907111955748,4.690645964336787,0.0008962724589022978,4.312326845398863,0.0006532057099083464
exchange_inflow → whale_volume_ma7,exchange_inflow,whale_volume_ma7,5,4.265828225790409,0.0007224090052585017,True,0.2115418763040551,0.6455954213716552,5.280194931729886,0.005139653516804057,2.8214695504600034,0.0375089432205197,3.2926170843031826,0.010586008110524113,4.265828225790409,0.0007224090052585017
net_flow → whale_volume_ma7,net_flow,whale_volume_ma7,2,4.252305993781231,0.014318680141516391,True,0.08724458215583684,0.7677305259811189,4.252305993781231,0.014318680141516391,3.2744030473741312,0.020265712723184344,2.554433676767906,0.037135589255658095,2.828188737739585,0.014899707729569374
fear_greed_index → whale_volume_lag3,fear_greed_index,whale_volume_lag3,5,3.839547353945838,0.001806087288293071,True,0.7593717196642475,0.3835960279844123,1.0940496772743467,0.33499345951327286,0.8764351297692005,0.4525012575212455,0.5988372748592027,0.6634969895685839,3.839547353945838,0.001806087288293071
exchange_inflow → whale_activity,exchange_inflow,whale_activity,4,3.558353143117513,0.006671801102914385,True,7.253453611747398,0.007116459592155662,4.761559927289405,0.008618075806128389,3.9029270360213366,0.008533761674367311,3.558353143117513,0.006671801102914385,2.8805557792797027,0.013395120841299792
net_flow_lag1 → whale_volume_ma7,net_flow_lag1,whale_volume_ma7,4,3.464973164494992,0.007850752162612896,True,6.964073239380782,0.008359930877109624,4.552275549965407,0.010617331953652075,3.239381858841125,0.0212591743321851,3.464973164494992,0.007850752162612896,2.81061890379195,0.015440191795257938
whale_volume_lag1 → net_flow_lag3,whale_volume_lag1,net_flow_lag3,2,3.289531634262075,0.03740801934958646,True,1.1873263050865157,0.27595841656533227,3.289531634262075,0.03740801934958646,0.6331631786509216,0.5935893632867845,1.2404165407418513,0.2915122046780404,0.8467258110376545,0.5164163894403782
whale_volume_ma7 → net_flow_lag6,whale_volume_ma7,net_flow_lag6,3,3.225358633266639,0.02167026026151577,True,0.6941329671485111,0.404829509099668,0.24759757931830528,0.7806902556588147,3.225358633266639,0.02167026026151577,2.7666304344445427,0.026012968344413735,2.3929674160154804,0.03552604983899649
whale_volume_lag6 → whale_activity,whale_volume_lag6,whale_activity,5,3.2119290764771096,0.0067755126979526644,True,3.4932035412809492,0.06172011549443495,2.2131466609707537,0.10953747659030713,2.660881017506428,0.04656870762712768,2.852604301145191,0.022492140071934917,3.2119290764771096,0.0067755126979526644
whale_activity → whale_volume_usd,whale_activity,whale_volume_usd,5,3.1532312487784075,0.0076521412840103225,True,3.0346423786925953,0.08160858752334897,1.802045375131639,0.1651426157113724,2.9916745207510727,0.029788124049304834,2.7384235224014355,0.027280271934697564,3.1532312487784075,0.0076521412840103225
whale_volume_usd → net_flow_lag1,whale_volume_usd,net_flow_lag1,2,3.138236449878077,0.043503937762406436,True,0.9754513739862384,0.3234052629548827,3.138236449878077,0.043503937762406436,1.2490578768811604,0.2902977646177425,1.3540124880701954,0.24749124932963157,0.8607862696314938,0.5066686097129428
whale_activity → net_flow_lag3,whale_activity,net_flow_lag3,2,3.0715100418289034,0.04649932278689917,True,0.061263475592236896,0.8045271980122186,3.0715100418289034,0.04649932278689917,1.9778029003040578,0.1151436212459866,2.1598508266406635,0.07105232667192468,1.868445212268482,0.09652596692490399
fear_greed_index → btc_price,fear_greed_index,btc_price,3,2.9879851390577605,0.02993766416893073,True,2.664551895822612,0.10271330180487445,3.405239454990183,0.03332937657574299,2.9879851390577605,0.02993766416893073,1.9873215053238205,0.09375334673278364,1.7768632797742596,0.11413637115118272
whale_volume_lag3 → whale_activity,whale_volume_lag3,whale_activity,5,2.775036955466903,0.016593391194834425,True,0.17495129058673242,0.6757788167458378,0.4820930901320907,0.6175382002376464,1.8156900070971171,0.1420899199312062,2.7644318777212136,0.026109663587140796,2.775036955466903,0.016593391194834425
whale_volume_lag1 → whale_volume_ma7,whale_volume_lag1,whale_volume_ma7,3,2.766210569520877,0.04041301617294764,True,0.19509162302350738,0.6587445931765541,2.1309458528108656,0.11890760024624539,2.766210569520877,0.04041301617294764,0.7313310088419471,0.5704768305089787,0.4370124883779815,0.8229471035234854
exchange_outflow → whale_volume_usd,exchange_outflow,whale_volume_usd,4,2.6265898892944404,0.03291811030044894,True,0.025274785783097813,0.8736951387860554,1.5524699655854732,0.2118972460034301,2.2583818483941642,0.07965348981760006,2.6265898892944404,0.03291811030044894,2.3099159875781234,0.041781007707096994
whale_volume_ma7 → whale_volume_ma30,whale_volume_ma7,whale_volume_ma30,4,2.610316596312296,0.03382693150472119,True,1.798122231996237,0.18004277191981566,2.178258451405856,0.11342060899757207,2.4713454374573662,0.06002396303435691,2.610316596312296,0.03382693150472119,2.076342883857917,0.065436913521576
whale_volume_usd → whale_volume_ma7,whale_volume_usd,whale_volume_ma7,3,2.609447237942724,0.04989783450155411,True,3.0089492603403087,0.08291026160440974,0.4941479725500901,0.6101409728777016,2.609447237942724,0.04989783450155411,0.8499597751345803,0.4933959011440193,0.5008205350116761,0.7758453194084859
btc_price → net_flow,btc_price,net_flow,4,2.5842170533101325,0.035335233441500725,True,0.018343266628724555,0.8922753496848916,0.8730016820305924,0.4178037218894852,2.042368389121841,0.1058331573559222,2.5842170533101325,0.035335233441500725,1.8851397399203456,0.09359802949112404
fear_greed_index → exchange_inflow,fear_greed_index,exchange_inflow,1,3.226852873650099,0.07254191303501183,False,3.226852873650099,0.07254191303501183,1.6176782263014664,0.1985345585356587,1.0530973040447777,0.367880503658341,0.772769397164116,0.5427954502328698,0.6908351177509893,0.6303729717542741
whale_volume_ma7 → fear_greed_index,whale_volume_ma7,fear_greed_index,1,3.1897281613012938,0.07420487531135703,False,3.1897281613012938,0.07420487531135703,1.5985350815814672,0.2023675274901653,1.2144975160695917,0.3028240026050444,1.116311656479223,0.34691183235622985,0.9968333840089845,0.4180211258780333
net_flow_lag1 → fear_greed_index,net_flow_lag1,fear_greed_index,1,3.073621496764129,0.07967574315495728,False,3.073621496764129,0.07967574315495728,1.818811651769696,0.16240020799426172,1.5084022746447328,0.21029174696716438,1.1393705003721848,0.33601665380467716,1.2296341247427598,0.29237516440708367
whale_volume_lag6 → btc_price,whale_volume_lag6,btc_price,2,2.946287666124368,0.05268892521416251,False,2.4954782293358355,0.11428075443118942,2.946287666124368,0.05268892521416251,1.6963664971592238,0.16563716933846234,1.3635510977407583,0.24406944878675085,1.1345543741108417,0.3396436420259502
whale_activity → net_flow_lag1,whale_activity,net_flow_lag1,2,2.9423760639789487,0.052895014887244615,False,3.240393960278085,0.0719453480620243,2.9423760639789487,0.052895014887244615,2.1789097467705485,0.08846349856032173,2.0959820958288344,0.07877251638861368,2.0227270164179463,0.07241158675539756
exchange_inflow → net_flow,exchange_inflow,net_flow,1,2.7401675940697867,0.0979607261777291,False,2.7401675940697867,0.0979607261777291,2.2567587123505346,0.10486991223252318,1.0774753927072844,0.3573332345574115,0.572492751416975,0.6826161291958025,0.6631001627685642,0.6514965688588995
exchange_outflow → net_flow,exchange_outflow,net_flow,1,2.7401675940697867,0.0979607261777291,False,2.7401675940697867,0.0979607261777291,2.2567587123505346,0.10486991223252318,1.0774753927074014,0.35733323455743976,0.572492751416884,0.682616129195922,0.6631001627685642,0.6514965688588995
whale_volume_ma7 → net_flow_lag3,whale_volume_ma7,net_flow_lag3,1,2.710802487291683,0.09977721350557771,False,2.710802487291683,0.09977721350557771,1.2000361327092794,0.3013302626663914,0.5380599025498606,0.6562169740787511,0.38685298301386317,0.8181899533196977,0.3325942937260431,0.893484412831576
whale_volume_lag3 → target_price,whale_volume_lag3,target_price,2,2.404540559699612,0.09048389386275953,False,0.5652513296970374,0.45221200270668505,2.404540559699612,0.09048389386275953,1.5748027145033736,0.19336963489662143,1.6654940748730378,0.1551802507551904,1.3320857367380814,0.24748259051634058
net_flow_lag3 → btc_price,net_flow_lag3,btc_price,1,2.2453727649957727,0.13412145943824103,False,2.2453727649957727,0.13412145943824103,0.5188596411919225,0.595253190279982,0.2861667938169382,0.8354243217062626,0.272777860217341,0.8956532970709703,0.2951309204347315,0.9158185019289451
net_flow_lag1 → target_price,net_flow_lag1,target_price,1,2.140612011609122,0.1435510433350286,False,2.140612011609122,0.1435510433350286,1.6725763961710283,0.18794063745510572,0.9788594881536885,0.40165904828493226,0.8835611350892264,0.4728293931962645,0.9059964454926446,0.4760386543015308
whale_volume_lag3 → whale_volume_ma30,whale_volume_lag3,whale_volume_ma30,5,2.122221882452811,0.059972821623054895,False,1.3850365484642753,0.23933991917795402,2.766558047836847,0.06304114684013978,1.8567027481460006,0.1347558136378692,0.7745490210955728,0.5416241144116285,2.122221882452811,0.059972821623054895
whale_activity → whale_volume_ma7,whale_activity,whale_volume_ma7,1,2.0265155205758414,0.1546802592998152,False,2.0265155205758414,0.1546802592998152,1.727640745214857,0.1778828485181712,0.6979962733863864,0.5532085224670296,1.1380652086328387,0.33662594166995324,1.1277026066753473,0.34326460788386837
whale_volume_lag3 → whale_volume_ma7,whale_volume_lag3,whale_volume_ma7,3,1.9264163797440064,0.12310804284011978,False,1.0209412310549373,0.31237860509003385,1.758331512265426,0.17251265980246872,1.9264163797440064,0.12310804284011978,0.4751900107379535,0.7539995059149223,0.735880023025015,0.5964958176646706
btc_price → net_flow_lag1,btc_price,net_flow_lag1,5,1.9080725161225727,0.0897092179518056,False,0.00327491477484738,0.9543683436324297,0.05453869841464467,0.9469228182035585,0.8874167957147565,0.4468096217577796,1.7405566075967975,0.1382119043305363,1.9080725161225727,0.0897092179518056
target_price → net_flow,target_price,net_flow,5,1.908022808729847,0.08971748350844634,False,0.003286630143006521,0.9542868865741924,0.05407991220015909,0.9473573370132508,0.8874631005532021,0.44678574608024124,1.7410259740595833,0.13811136987380707,1.908022808729847,0.08971748350844634
whale_activity → net_flow,whale_activity,net_flow,1,1.8857944165018614,0.16978125322720825,False,1.8857944165018614,0.16978125322720825,1.0008372938483887,0.36769627863549503,0.8062911260644261,0.49023873682027563,0.8813484049620316,0.4741656925059119,0.7525026279511879,0.5841612618267258
net_flow → target_price,net_flow,target_price,2,1.8166499398028249,0.16275121729810368,False,0.0023747570926274542,0.9611365830626241,1.8166499398028249,0.16275121729810368,1.0074464235657896,0.3883522773056495,0.8097203854224984,0.518783065317443,0.8211577240479966,0.5343973076868782
net_flow_lag1 → btc_price,net_flow_lag1,btc_price,2,1.816634277271643,0.162753763279427,False,0.0023728435648749636,0.9611522314766456,1.816634277271643,0.162753763279427,1.0073755070428707,0.3883848199104867,0.8091389827935344,0.5191557838952958,0.8211312597641474,0.5344160843205732
btc_price → exchange_outflow,btc_price,exchange_outflow,4,1.8064859454001976,0.12473132739145841,False,0.0029797763039246567,0.956470926412186,0.48937919240348915,0.6130565757169562,1.466422150833707,0.2216885407682514,1.8064859454001976,0.12473132739145841,1.3987112724189623,0.22147331338235607
whale_volume_lag6 → exchange_inflow,whale_volume_lag6,exchange_inflow,3,1.7929939651390296,0.14630963926498425,False,0.22940421328838315,0.6320013986038935,1.0466936781170761,0.35122697904140016,1.7929939651390296,0.14630963926498425,1.6869306324386057,0.15014996859593163,1.6329621820821836,0.14775818991732953
net_flow_lag6 → whale_volume_usd,net_flow_lag6,whale_volume_usd,5,1.71089108449025,0.12858314512123883,False,0.7007401283739075,0.4026028279238506,0.30907185898688716,0.7341517756093767,0.12394149816651924,0.9459913745020632,0.958037989512133,0.42936589726877883,1.71089108449025,0.12858314512123883
whale_volume_lag6 → net_flow,whale_volume_lag6,net_flow,4,1.6949162417784212,0.14831443344403067,False,0.45420949711465464,0.5003954115385854,0.2132995380609589,0.8079265547610843,0.8166537430441937,0.48451259360302446,1.6949162417784212,0.14831443344403067,1.4252300525934056,0.2117842366561277
whale_volume_usd → net_flow_lag3,whale_volume_usd,net_flow_lag3,1,1.6795300416612635,0.19508815666802903,False,1.6795300416612635,0.19508815666802903,0.360199791307373,0.6975676139748668,1.1216389167550327,0.33889269771719477,0.8006338547345887,0.5246270316595336,0.9216271024729501,0.4657122040636038
whale_volume_lag3 → btc_price,whale_volume_lag3,btc_price,3,1.6294073463233532,0.1804141535951929,False,0.260047999632003,0.610125277418412,0.2235397805982915,0.7996966193472979,1.6294073463233532,0.1804141535951929,1.219453683382715,0.30031918304405314,1.3378892968706941,0.2451198554743879
net_flow_lag6 → fear_greed_index,net_flow_lag6,fear_greed_index,5,1.6289428643302375,0.14881316484350018,False,0.8964178742743546,0.3438214706708873,0.7851300261138213,0.45615563997843733,0.6030880229231401,0.6129749626385902,0.5086105240228055,0.7294261244252638,1.6289428643302375,0.14881316484350018
whale_volume_lag3 → net_flow_lag6,whale_volume_lag3,net_flow_lag6,1,1.6197961010600077,0.20322038062053227,False,1.6197961010600077,0.20322038062053227,0.33910525402193326,0.7124352182440593,1.1044330141394172,0.3459759553739686,0.7955564759589999,0.5279099974682651,0.9135645139033667,0.4710214730871054
whale_volume_lag6 → whale_volume_ma30,whale_volume_lag6,whale_volume_ma30,2,1.5842522786561364,0.20527548414512395,False,1.250297237386572,0.2635866381418574,1.5842522786561364,0.20527548414512395,1.2892876046611088,0.2763039156843274,1.3222198749427745,0.2591969694851115,1.2228125990483514,0.295583453570235
whale_volume_lag6 → whale_volume_ma7,whale_volume_lag6,whale_volume_ma7,2,1.566727518624792,0.20890068961832128,False,0.15939742425894124,0.6897407612555683,1.566727518624792,0.20890068961832128,1.1631420461296427,0.32232781587651366,1.0136453084977735,0.3988581466466523,0.9699552038712076,0.4346790966050639
whale_volume_lag6 → net_flow_lag6,whale_volume_lag6,net_flow_lag6,1,1.5650633438977168,0.21102445735673353,False,1.5650633438977168,0.21102445735673353,1.330407671233857,0.2645279823016573,0.32323069690635264,0.8085838126189625,0.9432547476036371,0.43775728096071176,0.6531470033131493,0.6591142040190503
whale_volume_lag3 → net_flow_lag3,whale_volume_lag3,net_flow_lag3,1,1.5615429745933256,0.21153843954511317,False,1.5615429745933256,0.21153843954511317,1.3191425765275422,0.2675220594948738,0.3191936208248215,0.811512912552711,0.9528934934616176,0.43227271139090884,0.6749117334173277,0.6424803103962173
whale_volume_usd → fear_greed_index,whale_volume_usd,fear_greed_index,1,1.552843911669715,0.2128149080423751,False,1.552843911669715,0.2128149080423751,0.9015587767506545,0.4060481809812425,1.2567769861407936,0.28756426559179116,1.241588011352095,0.2910264885299879,1.0732953841397213,0.3730529830965786
whale_volume_lag1 → fear_greed_index,whale_volume_lag1,fear_greed_index,3,1.5381068330176084,0.2025582141154465,False,0.011191195583446745,0.9157573858454549,1.5229638853695722,0.21823595295822262,1.5381068330176084,0.2025582141154465,1.2837694485467723,0.27398536980297833,1.0373776657722806,0.3937268534046297
whale_volume_ma30 → target_price,whale_volume_ma30,target_price,2,1.5327515174191637,0.21611254699708418,False,1.0798389449913253,0.2988186345112916,1.5327515174191637,0.21611254699708418,1.3415852134953525,0.259024128733228,1.0094432758324172,0.4011050967821273,0.8100460917480306,0.5423102684387089
whale_volume_lag1 → net_flow_lag1,whale_volume_lag1,net_flow_lag1,1,1.5230557058170353,0.21725583086665662,False,1.5230557058170353,0.21725583086665662,1.3325117718567951,0.2639724747141973,0.3348790202054269,0.8001301217874266,0.9761409499012315,0.4192506131921627,0.6862314120605029,0.6338672920228344
whale_volume_usd → net_flow,whale_volume_usd,net_flow,1,1.5225094627938482,0.21733829128265372,False,1.5225094627938482,0.21733829128265372,1.3553129267173467,0.25802705124535613,0.33466728123858436,0.8002837986747839,0.9822876474970206,0.415856312752231,0.6840228276244632,0.6355454759228112
exchange_outflow → whale_volume_ma30,exchange_outflow,whale_volume_ma30,4,1.5206100744386288,0.19338166677329116,False,1.1555400467802188,0.28248021206815405,0.07794569890472888,0.9250165588475971,0.5410628849223266,0.6541821753062281,1.5206100744386288,0.19338166677329116,1.0746278925895565,0.3723014222040491
target_price → net_flow_lag3,target_price,net_flow_lag3,3,1.4654000698329475,0.221973004176912,False,0.15950240322783352,0.6896439270979633,0.40932069466932286,0.6641389229824392,1.4654000698329475,0.221973004176912,1.2501593447299875,0.2874932565995006,1.1134663776242633,0.35088121825086505
net_flow → btc_price,net_flow,btc_price,1,1.4501199387043269,0.22860518663666823,False,1.4501199387043269,0.22860518663666823,1.2092475241374345,0.29856957993979055,1.1802077864853504,0.3157264204816977,0.845495186018188,0.49617234980957337,0.7239884452888696,0.6053787144036856
whale_activity → net_flow_lag6,whale_activity,net_flow_lag6,5,1.433646048006008,0.20878592046044395,False,0.5061897118129592,0.47684914630060937,0.28118294908141833,0.7549104392631157,0.24468236943430935,0.8651601538855779,0.3234306789114328,0.8624134040805483,1.433646048006008,0.20878592046044395
whale_volume_lag6 → exchange_outflow,whale_volume_lag6,exchange_outflow,5,1.4177927230754868,0.21446442996243043,False,1.3584702303360132,0.24389688174721258,0.8585866332018429,0.42386641757843424,0.4690369051883497,0.7038915396125915,1.3114419059924924,0.26327179030105313,1.4177927230754868,0.21446442996243043
exchange_outflow → fear_greed_index,exchange_outflow,fear_greed_index,2,1.3862212114328747,0.25018104411149533,False,0.4675971414069193,0.4941483125897095,1.3862212114328747,0.25018104411149533,0.9683078179286517,0.406666848836576,0.7382554408734265,0.565798171132037,0.9256035789485351,0.46310735449211027
target_price → exchange_outflow,target_price,exchange_outflow,5,1.3589240043164896,0.23671327252291793,False,0.044577456937817124,0.8327974750835722,0.07456115201819524,0.9281524625124202,0.42261494338156225,0.7367961545358621,1.1174942599553075,0.34634624682501225,1.3589240043164896,0.23671327252291793
net_flow → whale_activity,net_flow,whale_activity,1,1.33709449482464,0.24764051688032712,False,1.33709449482464,0.24764051688032712,1.1994771497906394,0.3014986112963412,0.8479295875850444,0.467548164707444,0.6407586851644118,0.6334286942131215,0.5988623517192331,0.7008624307049485
whale_volume_lag1 → target_price,whale_volume_lag1,target_price,4,1.322039568253036,0.25926469073340963,False,0.01955283646866611,0.8888026908640787,0.15030886774793298,0.86044875963557,0.13576154089063944,0.9387250840780446,1.322039568253036,0.25926469073340963,1.0559306723019968,0.38294795399934656
whale_volume_usd → exchange_outflow,whale_volume_usd,exchange_outflow,2,1.289211194296756,0.27564311790603724,False,0.34526152804123456,0.5568527100983248,1.289211194296756,0.27564311790603724,0.9204864049697166,0.4300212088018328,0.8539033016338962,0.490951969409661,0.7121302664328123,0.6142819281443685
whale_volume_ma30 → fear_greed_index,whale_volume_ma30,fear_greed_index,5,1.2888876366535915,0.26566858611718175,False,0.28716539440903666,0.592083109556099,0.15468774785567935,0.8566895827017419,0.17283795041577926,0.9147961919304451,0.45895500924887367,0.7659133924526393,1.2888876366535915,0.26566858611718175
whale_volume_ma30 → btc_price,whale_volume_ma30,btc_price,3,1.2324797493450097,0.2962473535562221,False,0.1268629941609239,0.7217324638751277,1.0242303579208407,0.35920032656238515,1.2324797493450097,0.2962473535562221,1.0106771788574636,0.40044430228875255,0.8073930681106963,0.5442081121444953
whale_volume_lag6 → net_flow_lag1,whale_volume_lag6,net_flow_lag1,5,1.2284399068855958,0.29293481167447527,False,0.0027464931305065613,0.9582079440544882,0.1466534430581143,0.8635995033584614,0.17843822875026133,0.9110577639039685,0.7499773892826229,0.5579257236108094,1.2284399068855958,0.29293481167447527
whale_volume_ma30 → net_flow,whale_volume_ma30,net_flow,4,1.226487249729613,0.29733978819075235,False,0.10024503742134516,0.7515581493978675,0.13212790231221125,0.8762340995844653,0.4480391115677232,0.7187031096516479,1.226487249729613,0.29733978819075235,0.9149745871990393,0.47009025951147987
fear_greed_index → whale_volume_lag6,fear_greed_index,whale_volume_lag6,4,1.225064129075887,0.2979406197821549,False,0.27899045992888244,0.5974033455034296,0.10002799239860387,0.9048151575242825,1.018632864989637,0.3832479185575574,1.225064129075887,0.2979406197821549,1.0381907131128796,0.39325002414256377
target_price → net_flow_lag1,target_price,net_flow_lag1,5,1.2205009946776775,0.29667698347372246,False,0.8049942366821525,0.3696774719171878,0.4506303239669714,0.6372702081096042,0.40592183873877974,0.7487574097774363,1.0123426367387842,0.39955370215875635,1.2205009946776775,0.29667698347372246
net_flow_lag3 → fear_greed_index,net_flow_lag3,fear_greed_index,1,1.213549318647106,0.2707200749699072,False,1.213549318647106,0.2707200749699072,0.624414529872547,0.5356456460609867,0.9033162772483737,0.438672324766616,0.7027492420660438,0.5900026155544791,0.8691291813894111,0.5009333363793581
btc_price → net_flow_lag6,btc_price,net_flow_lag6,5,1.1948089346827322,0.3090481287738543,False,0.11658015494772281,0.7327978846539434,0.751143257823918,0.47191701346962034,0.6635670346735099,0.5744085315312293,0.5094651934136754,0.728797616449196,1.1948089346827322,0.3090481287738543
target_price → whale_activity,target_price,whale_activity,2,1.1940427214453784,0.30314020895158916,False,0.4462972507550337,0.5041507876076945,1.1940427214453784,0.30314020895158916,0.7775897676334825,0.5063723058427638,0.7833948234876295,0.5358238869420837,0.7038138558234662,0.6205510868904035
whale_volume_usd → target_price,whale_volume_usd,target_price,5,1.086056205299985,0.3659010026808409,False,0.11221277931684116,0.737662630157555,0.06470309222995863,0.9373470570401607,0.07322028793794222,0.9743497720181803,0.0950519935112544,0.9840568105192378,1.086056205299985,0.3659010026808409
whale_volume_lag1 → btc_price,whale_volume_lag1,btc_price,5,1.0860559666070038,0.365901135511844,False,0.11214137451549934,0.7377430349523021,0.06460573994012109,0.9374383103658674,0.07331693976400783,0.9743011767000914,0.09509736096333125,0.9840425387953615,1.0860559666070038,0.365901135511844
btc_price → whale_volume_ma7,btc_price,whale_volume_ma7,1,1.0819894406025323,0.29833805823220405,False,1.0819894406025323,0.29833805823220405,0.524531037603988,0.5918880149422547,0.32057570590907614,0.8105102162836723,0.2918583474259147,0.8834039874873509,0.604746970617073,0.6963283513659154
whale_volume_ma7 → btc_price,whale_volume_ma7,btc_price,1,1.0373909608744103,0.30851245136398214,False,1.0373909608744103,0.30851245136398214,0.4063243843493271,0.6661313220325153,0.38519268682920893,0.7636843705640884,0.2910241092518632,0.883946937001772,0.3133520927608969,0.9051940308792832
net_flow_lag6 → target_price,net_flow_lag6,target_price,5,1.0031664740199004,0.41415990919889034,False,0.030457076590284356,0.8614691199549993,0.6902544351451079,0.5015294089445544,0.6865076761421006,0.5602204702020199,0.8410209278812124,0.49896499860208865,1.0031664740199004,0.41415990919889034
net_flow_lag3 → whale_volume_usd,net_flow_lag3,whale_volume_usd,1,0.9982677357747858,0.31781186342700385,False,0.9982677357747858,0.31781186342700385,0.2140985801945559,0.8072813386623486,0.37777230841686893,0.7690441158342448,0.3515553243310768,0.8430883537861599,0.32863469625714864,0.8959330762293723
whale_volume_ma30 → net_flow_lag1,whale_volume_ma30,net_flow_lag1,5,0.9461338043085947,0.4498042953875627,False,0.17167478904041425,0.6786577224766465,0.49002279941056304,0.6126622659796295,0.3063723910758784,0.8208090748580035,0.7376676335398008,0.5661945305210545,0.9461338043085947,0.4498042953875627
whale_volume_lag6 → target_price,whale_volume_lag6,target_price,2,0.9311972394920586,0.3941973838552436,False,0.037833313810791615,0.8457916045655008,0.9311972394920586,0.3941973838552436,0.49101476322150506,0.6885329153119255,0.5716754556911191,0.6832115256756464,0.6860273993801292,0.6340222616139457
net_flow_lag6 → whale_volume_lag3,net_flow_lag6,whale_volume_lag3,1,0.9287029782485515,0.3352790632742144,False,0.9287029782485515,0.3352790632742144,0.19480779046292881,0.823003412809492,0.349462163773265,0.7895481577390698,0.32752947078720557,0.8596304710697951,0.30866130143946097,0.9079737959001415
btc_price → net_flow_lag3,btc_price,net_flow_lag3,5,0.9106387039085853,0.4729572763199662,False,0.01377029961996885,0.9065931227006552,0.584657519464399,0.557361232671216,0.5328246631670368,0.6597726753832359,0.4306746957358851,0.7865756072289934,0.9106387039085853,0.4729572763199662
fear_greed_index → target_price,fear_greed_index,target_price,3,0.8564775341365635,0.4629946053618881,False,0.19619848700099385,0.6578394091840275,0.7692405364455206,0.46345773381947375,0.8564775341365635,0.4629946053618881,0.7632667688199638,0.5490748498120068,0.67745908808326,0.6405395567412913
net_flow_lag6 → whale_volume_lag1,net_flow_lag6,whale_volume_lag1,5,0.8535621455411541,0.5116641931238058,False,0.01339543309454683,0.9078675475078363,0.5616563507721088,0.5703246725991238,0.01898746280012617,0.9964445495281921,0.3433750548229024,0.8487622525945635,0.8535621455411541,0.5116641931238058
target_price → whale_volume_lag6,target_price,whale_volume_lag6,1,0.8471730087126529,0.35742846860362476,False,0.8471730087126529,0.35742846860362476,0.4204367152492147,0.6567992741966852,0.4406599591729523,0.7239375709689666,0.3929496904128661,0.8138311579938392,0.3257419760404708,0.8977094066983291
whale_volume_lag1 → net_flow,whale_volume_lag1,net_flow,1,0.8402113605051542,0.3594111537432262,False,0.8402113605051542,0.3594111537432262,0.7440573113683971,0.47527116232439837,0.40267831037214674,0.7510880740271915,1.0159405790685292,0.39763483043370823,0.6539860232183512,0.6584714249686171
net_flow_lag3 → target_price,net_flow_lag3,target_price,1,0.831310691366137,0.36196820071811897,False,0.831310691366137,0.36196820071811897,0.35272253627003913,0.7028017846582857,0.34694298095968656,0.7913756406003709,0.34328671911784014,0.8488232983010444,0.4306010613347736,0.8275500373727757
net_flow_lag6 → exchange_inflow,net_flow_lag6,exchange_inflow,1,0.8040164579262049,0.3699682877271727,False,0.8040164579262049,0.3699682877271727,0.8861012310783807,0.4123695908433571,0.6709615380261398,0.5698082826390153,0.5261171656931958,0.716558327142342,0.4728627699530466,0.7967385425467711
exchange_outflow → whale_volume_ma7,exchange_outflow,whale_volume_ma7,4,0.7743278153946762,0.5417696300734152,False,0.012903872547540135,0.9095664010907499,0.335938279115106,0.7146945416033985,0.596951006281247,0.6169798070461858,0.7743278153946762,0.5417696300734152,0.7498091920388147,0.586153064883149
net_flow → whale_volume_lag6,net_flow,whale_volume_lag6,4,0.7624269831900807,0.5496317838692482,False,0.278592176403196,0.5976650852415826,0.2023674916391876,0.8168060416934098,0.4522511121623337,0.7157219045763823,0.7624269831900807,0.5496317838692482,0.6318186461881218,0.6754867415510964
net_flow_lag1 → whale_volume_lag6,net_flow_lag1,whale_volume_lag6,3,0.7384084216486676,0.5290452232403378,False,0.062226694540239935,0.8030278984948755,0.5533375380879322,0.575087078639458,0.7384084216486676,0.5290452232403378,0.7557303078700304,0.5540844186674954,0.6391252409285432,0.6698714977504967
net_flow_lag1 → whale_activity,net_flow_lag1,whale_activity,1,0.7299482993661278,0.39296922750807073,False,0.7299482993661278,0.39296922750807073,0.24631231252854693,0.7816941278828208,0.13179360785051306,0.9411867030393525,0.33238668034124613,0.8563170697475186,0.23018054210537972,0.9494665760083241
btc_price → whale_volume_usd,btc_price,whale_volume_usd,5,0.7208307195114904,0.6077452823481873,False,0.045978234217893696,0.8302301686872657,0.02487708202611776,0.9754300070749046,0.06962091619016031,0.9761414211458821,0.05682723929723027,0.9940069915337116,0.7208307195114904,0.6077452823481873
exchange_outflow → target_price,exchange_outflow,target_price,2,0.7193133153185653,0.48717199881206563,False,0.02947411522510311,0.8637006569201735,0.7193133153185653,0.48717199881206563,0.4340825764372848,0.7286152489268334,0.36834625242591434,0.8313220802231085,0.31254909378443513,0.9056720297920938
net_flow_lag3 → whale_volume_ma7,net_flow_lag3,whale_volume_ma7,2,0.7057761521325682,0.4938085394259125,False,0.26379040007997373,0.6075663883736875,0.7057761521325682,0.4938085394259125,0.7920675142788517,0.4981838046581142,0.6772583496781043,0.6076917911105932,0.5261808070565506,0.7566392626691811
whale_activity → btc_price,whale_activity,btc_price,1,0.689320928057855,0.4064625472024582,False,0.689320928057855,0.4064625472024582,0.2617717490390757,0.7697045561844356,0.17083490379048938,0.9161263537081742,0.3194156117110964,0.8651274646841514,0.2641662335092262,0.9327343475363036
net_flow_lag6 → btc_price,net_flow_lag6,btc_price,5,0.6641103467733989,0.6507243965675111,False,0.002300652407257217,0.9617472859999615,0.018442449304535147,0.9817266851630257,0.47552062874784984,0.6993445563234078,0.544286132291077,0.7032277416041377,0.6641103467733989,0.6507243965675111
fear_greed_index → whale_activity,fear_greed_index,whale_activity,1,0.6577440942740527,0.41742283096179267,False,0.6577440942740527,0.41742283096179267,0.23735582055709903,0.7887256545067123,0.16334775241586763,0.9210640946353231,0.1661090904788829,0.9556231839549857,0.197890146142445,0.9633851759439663
whale_volume_usd → btc_price,whale_volume_usd,btc_price,1,0.6426367621229916,0.4228220758829371,False,0.6426367621229916,0.4228220758829371,0.2934064786612785,0.7457407119848964,0.16733769830231396,0.9184396001066801,0.1946540104613416,0.9412703891407878,0.17297258189557674,0.9726912853310545
target_price → net_flow_lag6,target_price,net_flow_lag6,3,0.6425079119400837,0.5876488775800336,False,0.10215731605245569,0.7492785723662932,0.11801967979251293,0.888682757759012,0.6425079119400837,0.5876488775800336,0.4187572676984383,0.7952317394950844,0.4750956204881572,0.7950828423970668
btc_price → whale_volume_lag6,btc_price,whale_volume_lag6,1,0.6395011395387902,0.42395579863071475,False,0.6395011395387902,0.42395579863071475,0.6332434496013319,0.530939286002795,0.3596529078786435,0.7821593001986682,0.32344664221482694,0.862402589380704,0.346378290285787,0.8848101809481371
whale_volume_ma7 → net_flow,whale_volume_ma7,net_flow,4,0.6278485775699842,0.6426356277296923,False,0.05624672747843455,0.8125460670390248,0.06183600439925119,0.940038254087613,0.4509092323557845,0.716671139037207,0.6278485775699842,0.6426356277296923,0.4365059442457886,0.823311783994471
exchange_outflow → btc_price,exchange_outflow,btc_price,1,0.621196827510829,0.4306661257643275,False,0.621196827510829,0.4306661257643275,0.4879112212530305,0.6139568875793553,0.5005221545318601,0.6819383085417967,0.4062721659852787,0.8042573871965788,0.35557177249372374,0.8789007241374341
net_flow_lag6 → net_flow,net_flow_lag6,net_flow,2,0.6172686506896115,0.5394853923436209,False,0.12859179663578332,0.719922228992947,0.6172686506896115,0.5394853923436209,0.4666169618215888,0.7055919371896846,0.42596579797146555,0.7900002030729472,0.24708286688417816,0.9413985958601708
whale_volume_usd → whale_activity,whale_volume_usd,whale_activity,1,0.6139421166919548,0.4333701993496304,False,0.6139421166919548,0.4333701993496304,0.4680476466609662,0.62627016532635,0.08057100948835812,0.9705846160896839,0.18739617601255104,0.9450557740720649,0.5364858921780233,0.7487823522803357
net_flow_lag6 → whale_volume_ma7,net_flow_lag6,whale_volume_ma7,5,0.6136984180361523,0.689432591229703,False,0.020917896956958674,0.885012712150317,0.3218264060598856,0.7248494406023853,0.1685146768110394,0.9176623985251113,0.13746517743122932,0.9684548705109469,0.6136984180361523,0.689432591229703
target_price → whale_volume_ma7,target_price,whale_volume_ma7,1,0.5864325298834808,0.4438631450885827,False,0.5864325298834808,0.4438631450885827,0.47841205139110116,0.6198148288783867,0.3344794259613501,0.8004201413387559,0.2213042481646919,0.9266482294151356,0.2373159701409867,0.9461236344585849
whale_volume_usd → exchange_inflow,whale_volume_usd,exchange_inflow,2,0.5170497400205915,0.596331136521447,False,0.15593863483164502,0.6929520919656877,0.5170497400205915,0.596331136521447,0.18489416277062248,0.9067143232966128,0.15824679528555138,0.9593115249041902,0.3407690202807676,0.8883676631370547
whale_volume_lag6 → fear_greed_index,whale_volume_lag6,fear_greed_index,1,0.4747851224094914,0.49084810139472446,False,0.4747851224094914,0.49084810139472446,0.25557076255487526,0.7744914709965401,0.2286903434502269,0.876466629280875,0.17164466173668552,0.95295503816261,0.17157139928051846,0.9731757376782401
whale_volume_ma7 → net_flow_lag1,whale_volume_ma7,net_flow_lag1,2,0.4452454291702468,0.640710050141304,False,0.0014275463130148304,0.9698633443528035,0.4452454291702468,0.640710050141304,0.41465884072849724,0.7424896823667364,0.5819398241102385,0.6757432617626207,0.42004870305780206,0.835062372055564
whale_volume_lag3 → net_flow,whale_volume_lag3,net_flow,1,0.44309787672005113,0.5056829917801424,False,0.44309787672005113,0.5056829917801424,0.05844061664059279,0.9432353427680691,0.173015215289787,0.9146782957702623,0.1655416949313311,0.9558933794915888,0.15882969329214075,0.9773862381202049
whale_volume_lag6 → net_flow_lag3,whale_volume_lag6,net_flow_lag3,1,0.4425930049136625,0.5059255077573765,False,0.4425930049136625,0.5059255077573765,0.0562430436895419,0.9453103697793096,0.16846580640941147,0.9176946962434286,0.16456930132896905,0.9563549972967346,0.15366157485554252,0.9789928049234958
exchange_inflow → target_price,exchange_inflow,target_price,2,0.42384132523452306,0.654567568516973,False,0.014987236537355546,0.9025728510734637,0.42384132523452306,0.654567568516973,0.2550292488154799,0.857790788886745,0.1887431179333298,0.9443600041762417,0.2341053817289421,0.9476393411838208
net_flow_lag3 → whale_activity,net_flow_lag3,whale_activity,1,0.42215233283288045,0.5159155402281227,False,0.42215233283288045,0.5159155402281227,0.4164053023161662,0.65945169402276,0.19956811741688188,0.8967195976851133,0.2843430662138447,0.8882714466526006,0.20753488111010004,0.9594412495914421
net_flow_lag3 → whale_volume_ma30,net_flow_lag3,whale_volume_ma30,1,0.404997414993223,0.5245689097931449,False,0.404997414993223,0.5245689097931449,0.6354471023286223,0.5297710700789038,0.5328710241521765,0.6597411414395802,0.395647473148734,0.8118977236175384,0.303790372455205,0.9108279563303374
exchange_inflow → btc_price,exchange_inflow,btc_price,1,0.30966163667160823,0.577930043669803,False,0.30966163667160823,0.577930043669803,0.22671679822738802,0.7971603870222879,0.23874996730549022,0.8693671851995849,0.19190739361038986,0.9427133404520259,0.1575277391972952,0.9777965134679607
target_price → whale_volume_lag1,target_price,whale_volume_lag1,2,0.28507146680350454,0.7519812175724773,False,0.02940739713606279,0.8638535005665309,0.28507146680350454,0.7519812175724773,0.27130361468705444,0.8461307818052655,0.17113602013055368,0.9532026094951789,0.10823501581608037,0.9905288142143579
whale_activity → target_price,whale_activity,target_price,2,0.2600202506770694,0.7710536350212805,False,0.012316207383249666,0.9116410069561892,0.2600202506770694,0.7710536350212805,0.3656819472787507,0.7777916401055602,0.2968548931426564,0.8801386869802987,0.31088738422422685,0.9066583907534954
target_price → whale_volume_lag3,target_price,whale_volume_lag3,3,0.255238136573436,0.8576416307232845,False,0.0024507701403700673,0.9605199973429953,0.00782371606663279,0.9922068301205766,0.255238136573436,0.8576416307232845,0.29715606303942815,0.8799411461607767,0.17430245792092622,0.9722275969784535
btc_price → whale_volume_lag3,btc_price,whale_volume_lag3,3,0.2510849626002996,0.8606044999303011,False,0.019363336801871526,0.8893393596229482,0.05449509619857699,0.9469641055116473,0.2510849626002996,0.8606044999303011,0.21150333747041766,0.9321520889849628,0.1212530713061633,0.9877031510803311
whale_volume_lag3 → fear_greed_index,whale_volume_lag3,fear_greed_index,3,0.24713577533205466,0.8634162608907849,False,0.02501963357639019,0.8743289598768672,0.01990693118318085,0.9802900351234717,0.24713577533205466,0.8634162608907849,0.202752131418955,0.9369440345178145,0.2026411802440747,0.9614656598827617
whale_volume_lag3 → net_flow_lag1,whale_volume_lag3,net_flow_lag1,2,0.2392837677251318,0.7872067431070564,False,0.011938315833531953,0.9130016309258543,0.2392837677251318,0.7872067431070564,0.23442908716248906,0.8724221551037616,0.15892655013068338,0.9589974344215761,0.13867836960374724,0.9833146230233651
net_flow_lag6 → exchange_outflow,net_flow_lag6,exchange_outflow,1,0.2178922966111009,0.6406850207961576,False,0.2178922966111009,0.6406850207961576,0.03752765425338695,0.963168241317676,0.0826213505931298,0.9695102499330701,0.2175582111351458,0.9287685217008418,0.17685439398888644,0.9713272397169361
whale_volume_ma7 → target_price,whale_volume_ma7,target_price,1,0.1655320928426574,0.6841429699145234,False,0.1655320928426574,0.6841429699145234,0.3430719751793699,0.7096154345790451,0.2546843869123884,0.8580370092538137,0.28220704577921163,0.8896449551022028,0.2226272578862298,0.9529023994632512
btc_price → whale_activity,btc_price,whale_activity,1,0.14478799985607813,0.7035940975826034,False,0.14478799985607813,0.7035940975826034,0.2920548126751439,0.7467491856707544,0.3024477590179492,0.8236519179190788,0.35180907066537626,0.842911711026604,0.2808197654914244,0.9238226456045452
target_price → whale_volume_ma30,target_price,whale_volume_ma30,1,0.12479138836513406,0.7239200516584974,False,0.12479138836513406,0.7239200516584974,0.08914791918792783,0.9147127236822532,0.16624363770349435,0.9191608297709618,0.13406410095605678,0.9698631200295492,0.11038649220395377,0.9900886398127656
target_price → whale_volume_usd,target_price,whale_volume_usd,1,0.12475584705653717,0.7239577604401143,False,0.12475584705653717,0.7239577604401143,0.0715243039429451,0.9309752648342662,0.07048957307318203,0.9757122916922173,0.06945273414807844,0.9911962464306553,0.06280906283140752,0.9973676859914149
btc_price → whale_volume_lag1,btc_price,whale_volume_lag1,1,0.12447085002246433,0.7242603565990262,False,0.12447085002246433,0.7242603565990262,0.07160799964883263,0.9308973532415759,0.07038657680130724,0.9757632830166757,0.06961136272527642,0.9911578361648966,0.06281477643406447,0.9973671139455558
net_flow_lag6 → whale_volume_ma30,net_flow_lag6,whale_volume_ma30,2,0.1231730603266094,0.8841151899683737,False,0.01387606927322872,0.9062367302745895,0.1231730603266094,0.8841151899683737,0.19920547938711722,0.8969684926209005,0.19964789613850528,0.9386149755508361,0.27782691142198124,0.9254568145037579
btc_price → whale_volume_ma30,btc_price,whale_volume_ma30,1,0.1187946835147539,0.730369982708556,False,0.1187946835147539,0.730369982708556,0.09412244759578023,0.910174039392008,0.11960999380525852,0.9486017730072288,0.10110019809602602,0.9821059678014472,0.3802366860584467,0.8625944974966668
whale_volume_ma30 → whale_volume_ma7,whale_volume_ma30,whale_volume_ma7,1,0.09593547003157148,0.7567847001645998,False,0.09593547003157148,0.7567847001645998,0.22783230996470735,0.7962717778476239,0.17790058614084917,0.9114178762557652,0.13466878950931863,0.9696146235927786,0.15393205336284466,0.9789101866351793
net_flow_lag6 → whale_activity,net_flow_lag6,whale_activity,3,0.08220774142295241,0.969727797227786,False,0.0006828156976691451,0.9791548215799629,0.010817585397003613,0.9892407534975607,0.08220774142295241,0.969727797227786,0.0897197238079784,0.9856955235494094,0.07871406668117249,0.9955001385794741
target_price → exchange_inflow,target_price,exchange_inflow,1,0.04588193376431751,0.830405345328643,False,0.04588193376431751,0.830405345328643,0.09393069529277344,0.9103485729709837,0.24403699541619214,0.8656185071480744,0.2634231370983099,0.9015217430259345,0.1936499016715727,0.9650597055210521
fear_greed_index → exchange_outflow,fear_greed_index,exchange_outflow,1,0.030421813939198135,0.8615485267892503,False,0.030421813939198135,0.8615485267892503,0.09151792281595982,0.9125475505122684,0.034522196766691986,0.9914040916797242,0.021887076800661133,0.9990688222480336,0.025895909612336215,0.9996932179980818
btc_price → exchange_inflow,btc_price,exchange_inflow,1,0.014469052467787678,0.9042636854453284,False,0.014469052467787678,0.9042636854453284,0.05155022656556092,0.9497568010368427,0.14762355186210058,0.9312418458993424,0.11739945046112175,0.9763810235896472,0.07835290473645624,0.9955487396292002
